[
  {
    "key": "Russia",
    "value": {
      "Goals Made": 11,
      "Goals Conceded": 7,
      "Delta Goals": 4,
      "Wins": 3,
      "Losses": 2,
      "Result": {
        "label": "Quarter Finals",
        "ranking": 2
      },
      "TotalGames": 5,
      "games": [
        {
          "key": "Croatia",
          "value": {
            "Goals Made": "2",
            "Goals Conceded": "2",
            "Delta Goals": "",
            "Wins": "",
            "Losses": "",
            "Result": {
              "label": "Quarter Finals",
              "ranking": 2
            },
            "type": "game",
            "Opponent": "Russia"
          }
        },
        {
          "key": "Spain",
          "value": {
            "Goals Made": "1",
            "Goals Conceded": "1",
            "Delta Goals": "",
            "Wins": "",
            "Losses": "",
            "Result": {
              "label": "Round of Sixteen",
              "ranking": 1
            },
            "type": "game",
            "Opponent": "Russia"
          }
        },
        {
          "key": "Saudi Arabia",
          "value": {
            "Goals Made": "5",
            "Goals Conceded": "0",
            "Delta Goals": "",
            "Wins": "",
            "Losses": "",
            "Result": {
              "label": "Group",
              "ranking": 0
            },
            "type": "game",
            "Opponent": "Russia"
          }
        },
        {
          "key": "Egypt",
          "value": {
            "Goals Made": "3",
            "Goals Conceded": "1",
            "Delta Goals": "",
            "Wins": "",
            "Losses": "",
            "Result": {
              "label": "Group",
              "ranking": 0
            },
            "type": "game",
            "Opponent": "Russia"
          }
        },
        {
          "key": "Uruguay",
          "value": {
            "Goals Made": "0",
            "Goals Conceded": "3",
            "Delta Goals": "",
            "Wins": "",
            "Losses": "",
            "Result": {
              "label": "Group",
              "ranking": 0
            },
            "type": "game",
            "Opponent": "Russia"
          }
        }
      ],
      "type": "aggregate"
    }
  },
  {
    "key": "Egypt",
    "value": {
      "Goals Made": 2,
      "Goals Conceded": 6,
      "Delta Goals": -4,
      "Wins": 0,
      "Losses": 3,
      "Result": {
        "label": "Group",
        "ranking": 0
      },
      "TotalGames": 3,
      "games": [
        {
          "key": "Uruguay",
          "value": {
            "Goals Made": "0",
            "Goals Conceded": "1",
            "Delta Goals": "",
            "Wins": "",
            "Losses": "",
            "Result": {
              "label": "Group",
              "ranking": 0
            },
            "type": "game",
            "Opponent": "Egypt"
          }
        },
        {
          "key": "Russia",
          "value": {
            "Goals Made": "1",
            "Goals Conceded": "3",
            "Delta Goals": "",
            "Wins": "",
            "Losses": "",
            "Result": {
              "label": "Group",
              "ranking": 0
            },
            "type": "game",
            "Opponent": "Egypt"
          }
        },
        {
          "key": "Saudi Arabia",
          "value": {
            "Goals Made": "1",
            "Goals Conceded": "2",
            "Delta Goals": "",
            "Wins": "",
            "Losses": "",
            "Result": {
              "label": "Group",
              "ranking": 0
            },
            "type": "game",
            "Opponent": "Egypt"
          }
        }
      ],
      "type": "aggregate"
    }
  },
  {
    "key": "Uruguay",
    "value": {
      "Goals Made": 7,
      "Goals Conceded": 3,
      "Delta Goals": 4,
      "Wins": 4,
      "Losses": 1,
      "Result": {
        "label": "Quarter Finals",
        "ranking": 2
      },
      "TotalGames": 5,
      "games": [
        {
          "key": "France",
          "value": {
            "Goals Made": "0",
            "Goals Conceded": "2",
            "Delta Goals": "",
            "Wins": "",
            "Losses": "",
            "Result": {
              "label": "Quarter Finals",
              "ranking": 2
            },
            "type": "game",
            "Opponent": "Uruguay"
          }
        },
        {
          "key": "Portugal",
          "value": {
            "Goals Made": "2",
            "Goals Conceded": "1",
            "Delta Goals": "",
            "Wins": "",
            "Losses": "",
            "Result": {
              "label": "Round of Sixteen",
              "ranking": 1
            },
            "type": "game",
            "Opponent": "Uruguay"
          }
        },
        {
          "key": "Saudi Arabia",
          "value": {
            "Goals Made": "1",
            "Goals Conceded": "0",
            "Delta Goals": "",
            "Wins": "",
            "Losses": "",
            "Result": {
              "label": "Group",
              "ranking": 0
            },
            "type": "game",
            "Opponent": "Uruguay"
          }
        },
        {
          "key": "Russia",
          "value": {
            "Goals Made": "3",
            "Goals Conceded": "0",
            "Delta Goals": "",
            "Wins": "",
            "Losses": "",
            "Result": {
              "label": "Group",
              "ranking": 0
            },
            "type": "game",
            "Opponent": "Uruguay"
          }
        },
        {
          "key": "Egypt",
          "value": {
            "Goals Made": "1",
            "Goals Conceded": "0",
            "Delta Goals": "",
            "Wins": "",
            "Losses": "",
            "Result": {
              "label": "Group",
              "ranking": 0
            },
            "type": "game",
            "Opponent": "Uruguay"
          }
        }
      ],
      "type": "aggregate"
    }
  },
  {
    "key": "Saudi Arabia",
    "value": {
      "Goals Made": 2,
      "Goals Conceded": 7,
      "Delta Goals": -5,
      "Wins": 1,
      "Losses": 2,
      "Result": {
        "label": "Group",
        "ranking": 0
      },
      "TotalGames": 3,
      "games": [
        {
          "key": "Egypt",
          "value": {
            "Goals Made": "2",
            "Goals Conceded": "1",
            "Delta Goals": "",
            "Wins": "",
            "Losses": "",
            "Result": {
              "label": "Group",
              "ranking": 0
            },
            "type": "game",
            "Opponent": "Saudi Arabia"
          }
        },
        {
          "key": "Russia",
          "value": {
            "Goals Made": "0",
            "Goals Conceded": "5",
            "Delta Goals": "",
            "Wins": "",
            "Losses": "",
            "Result": {
              "label": "Group",
              "ranking": 0
            },
            "type": "game",
            "Opponent": "Saudi Arabia"
          }
        },
        {
          "key": "Uruguay",
          "value": {
            "Goals Made": "0",
            "Goals Conceded": "1",
            "Delta Goals": "",
            "Wins": "",
            "Losses": "",
            "Result": {
              "label": "Group",
              "ranking": 0
            },
            "type": "game",
            "Opponent": "Saudi Arabia"
          }
        }
      ],
      "type": "aggregate"
    }
  },
  {
    "key": "Morocco",
    "value": {
      "Goals Made": 2,
      "Goals Conceded": 4,
      "Delta Goals": -2,
      "Wins": 0,
      "Losses": 2,
      "Result": {
        "label": "Group",
        "ranking": 0
      },
      "TotalGames": 3,
      "games": [
        {
          "key": "IR Iran",
          "value": {
            "Goals Made": "0",
            "Goals Conceded": "1",
            "Delta Goals": "",
            "Wins": "",
            "Losses": "",
            "Result": {
              "label": "Group",
              "ranking": 0
            },
            "type": "game",
            "Opponent": "Morocco"
          }
        },
        {
          "key": "Portugal",
          "value": {
            "Goals Made": "0",
            "Goals Conceded": "1",
            "Delta Goals": "",
            "Wins": "",
            "Losses": "",
            "Result": {
              "label": "Group",
              "ranking": 0
            },
            "type": "game",
            "Opponent": "Morocco"
          }
        },
        {
          "key": "Spain",
          "value": {
            "Goals Made": "2",
            "Goals Conceded": "2",
            "Delta Goals": "",
            "Wins": "",
            "Losses": "",
            "Result": {
              "label": "Group",
              "ranking": 0
            },
            "type": "game",
            "Opponent": "Morocco"
          }
        }
      ],
      "type": "aggregate"
    }
  },
  {
    "key": "Portugal",
    "value": {
      "Goals Made": 6,
      "Goals Conceded": 6,
      "Delta Goals": 0,
      "Wins": 1,
      "Losses": 1,
      "Result": {
        "label": "Round of Sixteen",
        "ranking": 1
      },
      "TotalGames": 4,
      "games": [
        {
          "key": "Uruguay",
          "value": {
            "Goals Made": "1",
            "Goals Conceded": "2",
            "Delta Goals": "",
            "Wins": "",
            "Losses": "",
            "Result": {
              "label": "Round of Sixteen",
              "ranking": 1
            },
            "type": "game",
            "Opponent": "Portugal"
          }
        },
        {
          "key": "Spain",
          "value": {
            "Goals Made": "3",
            "Goals Conceded": "3",
            "Delta Goals": "",
            "Wins": "",
            "Losses": "",
            "Result": {
              "label": "Group",
              "ranking": 0
            },
            "type": "game",
            "Opponent": "Portugal"
          }
        },
        {
          "key": "Morocco",
          "value": {
            "Goals Made": "1",
            "Goals Conceded": "0",
            "Delta Goals": "",
            "Wins": "",
            "Losses": "",
            "Result": {
              "label": "Group",
              "ranking": 0
            },
            "type": "game",
            "Opponent": "Portugal"
          }
        },
        {
          "key": "IR Iran",
          "value": {
            "Goals Made": "1",
            "Goals Conceded": "1",
            "Delta Goals": "",
            "Wins": "",
            "Losses": "",
            "Result": {
              "label": "Group",
              "ranking": 0
            },
            "type": "game",
            "Opponent": "Portugal"
          }
        }
      ],
      "type": "aggregate"
    }
  },
  {
    "key": "IR Iran",
    "value": {
      "Goals Made": 2,
      "Goals Conceded": 2,
      "Delta Goals": 0,
      "Wins": 1,
      "Losses": 1,
      "Result": {
        "label": "Group",
        "ranking": 0
      },
      "TotalGames": 3,
      "games": [
        {
          "key": "Spain",
          "value": {
            "Goals Made": "0",
            "Goals Conceded": "1",
            "Delta Goals": "",
            "Wins": "",
            "Losses": "",
            "Result": {
              "label": "Group",
              "ranking": 0
            },
            "type": "game",
            "Opponent": "IR Iran"
          }
        },
        {
          "key": "Portugal",
          "value": {
            "Goals Made": "1",
            "Goals Conceded": "1",
            "Delta Goals": "",
            "Wins": "",
            "Losses": "",
            "Result": {
              "label": "Group",
              "ranking": 0
            },
            "type": "game",
            "Opponent": "IR Iran"
          }
        },
        {
          "key": "Morocco",
          "value": {
            "Goals Made": "1",
            "Goals Conceded": "0",
            "Delta Goals": "",
            "Wins": "",
            "Losses": "",
            "Result": {
              "label": "Group",
              "ranking": 0
            },
            "type": "game",
            "Opponent": "IR Iran"
          }
        }
      ],
      "type": "aggregate"
    }
  },
  {
    "key": "Spain",
    "value": {
      "Goals Made": 7,
      "Goals Conceded": 6,
      "Delta Goals": 1,
      "Wins": 1,
      "Losses": 1,
      "Result": {
        "label": "Round of Sixteen",
        "ranking": 1
      },
      "TotalGames": 4,
      "games": [
        {
          "key": "Russia",
          "value": {
            "Goals Made": "1",
            "Goals Conceded": "1",
            "Delta Goals": "",
            "Wins": "",
            "Losses": "",
            "Result": {
              "label": "Round of Sixteen",
              "ranking": 1
            },
            "type": "game",
            "Opponent": "Spain"
          }
        },
        {
          "key": "Morocco",
          "value": {
            "Goals Made": "2",
            "Goals Conceded": "2",
            "Delta Goals": "",
            "Wins": "",
            "Losses": "",
            "Result": {
              "label": "Group",
              "ranking": 0
            },
            "type": "game",
            "Opponent": "Spain"
          }
        },
        {
          "key": "Portugal",
          "value": {
            "Goals Made": "3",
            "Goals Conceded": "3",
            "Delta Goals": "",
            "Wins": "",
            "Losses": "",
            "Result": {
              "label": "Group",
              "ranking": 0
            },
            "type": "game",
            "Opponent": "Spain"
          }
        },
        {
          "key": "IR Iran",
          "value": {
            "Goals Made": "1",
            "Goals Conceded": "0",
            "Delta Goals": "",
            "Wins": "",
            "Losses": "",
            "Result": {
              "label": "Group",
              "ranking": 0
            },
            "type": "game",
            "Opponent": "Spain"
          }
        }
      ],
      "type": "aggregate"
    }
  },
  {
    "key": "France",
    "value": {
      "Goals Made": 14,
      "Goals Conceded": 6,
      "Delta Goals": 8,
      "Wins": 6,
      "Losses": 0,
      "Result": {
        "label": "Winner",
        "ranking": 7
      },
      "TotalGames": 7,
      "games": [
        {
          "key": "Croatia",
          "value": {
            "Goals Made": "4",
            "Goals Conceded": "2",
            "Delta Goals": "",
            "Wins": "",
            "Losses": "",
            "Result": {
              "label": "Winner",
              "ranking": 7
            },
            "type": "game",
            "Opponent": "France"
          }
        },
        {
          "key": "Belgium",
          "value": {
            "Goals Made": "1",
            "Goals Conceded": "0",
            "Delta Goals": "",
            "Wins": "",
            "Losses": "",
            "Result": {
              "label": "Semi Finals",
              "ranking": 3
            },
            "type": "game",
            "Opponent": "France"
          }
        },
        {
          "key": "Uruguay",
          "value": {
            "Goals Made": "2",
            "Goals Conceded": "0",
            "Delta Goals": "",
            "Wins": "",
            "Losses": "",
            "Result": {
              "label": "Quarter Finals",
              "ranking": 2
            },
            "type": "game",
            "Opponent": "France"
          }
        },
        {
          "key": "Argentina",
          "value": {
            "Goals Made": "4",
            "Goals Conceded": "3",
            "Delta Goals": "",
            "Wins": "",
            "Losses": "",
            "Result": {
              "label": "Round of Sixteen",
              "ranking": 1
            },
            "type": "game",
            "Opponent": "France"
          }
        },
        {
          "key": "Australia",
          "value": {
            "Goals Made": "2",
            "Goals Conceded": "1",
            "Delta Goals": "",
            "Wins": "",
            "Losses": "",
            "Result": {
              "label": "Group",
              "ranking": 0
            },
            "type": "game",
            "Opponent": "France"
          }
        },
        {
          "key": "Peru",
          "value": {
            "Goals Made": "1",
            "Goals Conceded": "0",
            "Delta Goals": "",
            "Wins": "",
            "Losses": "",
            "Result": {
              "label": "Group",
              "ranking": 0
            },
            "type": "game",
            "Opponent": "France"
          }
        },
        {
          "key": "Denmark",
          "value": {
            "Goals Made": "0",
            "Goals Conceded": "0",
            "Delta Goals": "",
            "Wins": "",
            "Losses": "",
            "Result": {
              "label": "Group",
              "ranking": 0
            },
            "type": "game",
            "Opponent": "France"
          }
        }
      ],
      "type": "aggregate"
    }
  },
  {
    "key": "Peru",
    "value": {
      "Goals Made": 2,
      "Goals Conceded": 2,
      "Delta Goals": 0,
      "Wins": 1,
      "Losses": 2,
      "Result": {
        "label": "Group",
        "ranking": 0
      },
      "TotalGames": 3,
      "games": [
        {
          "key": "Denmark",
          "value": {
            "Goals Made": "0",
            "Goals Conceded": "1",
            "Delta Goals": "",
            "Wins": "",
            "Losses": "",
            "Result": {
              "label": "Group",
              "ranking": 0
            },
            "type": "game",
            "Opponent": "Peru"
          }
        },
        {
          "key": "France",
          "value": {
            "Goals Made": "0",
            "Goals Conceded": "1",
            "Delta Goals": "",
            "Wins": "",
            "Losses": "",
            "Result": {
              "label": "Group",
              "ranking": 0
            },
            "type": "game",
            "Opponent": "Peru"
          }
        },
        {
          "key": "Australia",
          "value": {
            "Goals Made": "2",
            "Goals Conceded": "0",
            "Delta Goals": "",
            "Wins": "",
            "Losses": "",
            "Result": {
              "label": "Group",
              "ranking": 0
            },
            "type": "game",
            "Opponent": "Peru"
          }
        }
      ],
      "type": "aggregate"
    }
  },
  {
    "key": "Denmark",
    "value": {
      "Goals Made": 3,
      "Goals Conceded": 2,
      "Delta Goals": 1,
      "Wins": 1,
      "Losses": 1,
      "Result": {
        "label": "Round of Sixteen",
        "ranking": 1
      },
      "TotalGames": 4,
      "games": [
        {
          "key": "Croatia",
          "value": {
            "Goals Made": "1",
            "Goals Conceded": "1",
            "Delta Goals": "",
            "Wins": "",
            "Losses": "",
            "Result": {
              "label": "Round of Sixteen",
              "ranking": 1
            },
            "type": "game",
            "Opponent": "Denmark"
          }
        },
        {
          "key": "Australia",
          "value": {
            "Goals Made": "1",
            "Goals Conceded": "1",
            "Delta Goals": "",
            "Wins": "",
            "Losses": "",
            "Result": {
              "label": "Group",
              "ranking": 0
            },
            "type": "game",
            "Opponent": "Denmark"
          }
        },
        {
          "key": "France",
          "value": {
            "Goals Made": "0",
            "Goals Conceded": "0",
            "Delta Goals": "",
            "Wins": "",
            "Losses": "",
            "Result": {
              "label": "Group",
              "ranking": 0
            },
            "type": "game",
            "Opponent": "Denmark"
          }
        },
        {
          "key": "Peru",
          "value": {
            "Goals Made": "1",
            "Goals Conceded": "0",
            "Delta Goals": "",
            "Wins": "",
            "Losses": "",
            "Result": {
              "label": "Group",
              "ranking": 0
            },
            "type": "game",
            "Opponent": "Denmark"
          }
        }
      ],
      "type": "aggregate"
    }
  },
  {
    "key": "Australia",
    "value": {
      "Goals Made": 2,
      "Goals Conceded": 5,
      "Delta Goals": -3,
      "Wins": 0,
      "Losses": 2,
      "Result": {
        "label": "Group",
        "ranking": 0
      },
      "TotalGames": 3,
      "games": [
        {
          "key": "Peru",
          "value": {
            "Goals Made": "0",
            "Goals Conceded": "2",
            "Delta Goals": "",
            "Wins": "",
            "Losses": "",
            "Result": {
              "label": "Group",
              "ranking": 0
            },
            "type": "game",
            "Opponent": "Australia"
          }
        },
        {
          "key": "France",
          "value": {
            "Goals Made": "1",
            "Goals Conceded": "2",
            "Delta Goals": "",
            "Wins": "",
            "Losses": "",
            "Result": {
              "label": "Group",
              "ranking": 0
            },
            "type": "game",
            "Opponent": "Australia"
          }
        },
        {
          "key": "Denmark",
          "value": {
            "Goals Made": "1",
            "Goals Conceded": "1",
            "Delta Goals": "",
            "Wins": "",
            "Losses": "",
            "Result": {
              "label": "Group",
              "ranking": 0
            },
            "type": "game",
            "Opponent": "Australia"
          }
        }
      ],
      "type": "aggregate"
    }
  },
  {
    "key": "Argentina",
    "value": {
      "Goals Made": 6,
      "Goals Conceded": 9,
      "Delta Goals": -3,
      "Wins": 1,
      "Losses": 2,
      "Result": {
        "label": "Round of Sixteen",
        "ranking": 1
      },
      "TotalGames": 4,
      "games": [
        {
          "key": "France",
          "value": {
            "Goals Made": "3",
            "Goals Conceded": "4",
            "Delta Goals": "",
            "Wins": "",
            "Losses": "",
            "Result": {
              "label": "Round of Sixteen",
              "ranking": 1
            },
            "type": "game",
            "Opponent": "Argentina"
          }
        },
        {
          "key": "Iceland",
          "value": {
            "Goals Made": "1",
            "Goals Conceded": "1",
            "Delta Goals": "",
            "Wins": "",
            "Losses": "",
            "Result": {
              "label": "Group",
              "ranking": 0
            },
            "type": "game",
            "Opponent": "Argentina"
          }
        },
        {
          "key": "Croatia",
          "value": {
            "Goals Made": "0",
            "Goals Conceded": "3",
            "Delta Goals": "",
            "Wins": "",
            "Losses": "",
            "Result": {
              "label": "Group",
              "ranking": 0
            },
            "type": "game",
            "Opponent": "Argentina"
          }
        },
        {
          "key": "Nigeria",
          "value": {
            "Goals Made": "2",
            "Goals Conceded": "1",
            "Delta Goals": "",
            "Wins": "",
            "Losses": "",
            "Result": {
              "label": "Group",
              "ranking": 0
            },
            "type": "game",
            "Opponent": "Argentina"
          }
        }
      ],
      "type": "aggregate"
    }
  },
  {
    "key": "Croatia",
    "value": {
      "Goals Made": 14,
      "Goals Conceded": 9,
      "Delta Goals": 5,
      "Wins": 6,
      "Losses": 1,
      "Result": {
        "label": "Runner-Up",
        "ranking": 6
      },
      "TotalGames": 7,
      "games": [
        {
          "key": "France",
          "value": {
            "Goals Made": "2",
            "Goals Conceded": "4",
            "Delta Goals": "",
            "Wins": "",
            "Losses": "",
            "Result": {
              "label": "Runner-Up",
              "ranking": 6
            },
            "type": "game",
            "Opponent": "Croatia"
          }
        },
        {
          "key": "England",
          "value": {
            "Goals Made": "2",
            "Goals Conceded": "1",
            "Delta Goals": "",
            "Wins": "",
            "Losses": "",
            "Result": {
              "label": "Semi Finals",
              "ranking": 3
            },
            "type": "game",
            "Opponent": "Croatia"
          }
        },
        {
          "key": "Russia",
          "value": {
            "Goals Made": "2",
            "Goals Conceded": "2",
            "Delta Goals": "",
            "Wins": "",
            "Losses": "",
            "Result": {
              "label": "Quarter Finals",
              "ranking": 2
            },
            "type": "game",
            "Opponent": "Croatia"
          }
        },
        {
          "key": "Denmark",
          "value": {
            "Goals Made": "1",
            "Goals Conceded": "1",
            "Delta Goals": "",
            "Wins": "",
            "Losses": "",
            "Result": {
              "label": "Round of Sixteen",
              "ranking": 1
            },
            "type": "game",
            "Opponent": "Croatia"
          }
        },
        {
          "key": "Nigeria",
          "value": {
            "Goals Made": "2",
            "Goals Conceded": "0",
            "Delta Goals": "",
            "Wins": "",
            "Losses": "",
            "Result": {
              "label": "Group",
              "ranking": 0
            },
            "type": "game",
            "Opponent": "Croatia"
          }
        },
        {
          "key": "Argentina",
          "value": {
            "Goals Made": "3",
            "Goals Conceded": "0",
            "Delta Goals": "",
            "Wins": "",
            "Losses": "",
            "Result": {
              "label": "Group",
              "ranking": 0
            },
            "type": "game",
            "Opponent": "Croatia"
          }
        },
        {
          "key": "Iceland",
          "value": {
            "Goals Made": "2",
            "Goals Conceded": "1",
            "Delta Goals": "",
            "Wins": "",
            "Losses": "",
            "Result": {
              "label": "Group",
              "ranking": 0
            },
            "type": "game",
            "Opponent": "Croatia"
          }
        }
      ],
      "type": "aggregate"
    }
  },
  {
    "key": "Nigeria",
    "value": {
      "Goals Made": 3,
      "Goals Conceded": 4,
      "Delta Goals": -1,
      "Wins": 1,
      "Losses": 2,
      "Result": {
        "label": "Group",
        "ranking": 0
      },
      "TotalGames": 3,
      "games": [
        {
          "key": "Iceland",
          "value": {
            "Goals Made": "2",
            "Goals Conceded": "0",
            "Delta Goals": "",
            "Wins": "",
            "Losses": "",
            "Result": {
              "label": "Group",
              "ranking": 0
            },
            "type": "game",
            "Opponent": "Nigeria"
          }
        },
        {
          "key": "Argentina",
          "value": {
            "Goals Made": "1",
            "Goals Conceded": "2",
            "Delta Goals": "",
            "Wins": "",
            "Losses": "",
            "Result": {
              "label": "Group",
              "ranking": 0
            },
            "type": "game",
            "Opponent": "Nigeria"
          }
        },
        {
          "key": "Croatia",
          "value": {
            "Goals Made": "0",
            "Goals Conceded": "2",
            "Delta Goals": "",
            "Wins": "",
            "Losses": "",
            "Result": {
              "label": "Group",
              "ranking": 0
            },
            "type": "game",
            "Opponent": "Nigeria"
          }
        }
      ],
      "type": "aggregate"
    }
  },
  {
    "key": "Iceland",
    "value": {
      "Goals Made": 2,
      "Goals Conceded": 5,
      "Delta Goals": -3,
      "Wins": 0,
      "Losses": 2,
      "Result": {
        "label": "Group",
        "ranking": 0
      },
      "TotalGames": 3,
      "games": [
        {
          "key": "Croatia",
          "value": {
            "Goals Made": "1",
            "Goals Conceded": "2",
            "Delta Goals": "",
            "Wins": "",
            "Losses": "",
            "Result": {
              "label": "Group",
              "ranking": 0
            },
            "type": "game",
            "Opponent": "Iceland"
          }
        },
        {
          "key": "Argentina",
          "value": {
            "Goals Made": "1",
            "Goals Conceded": "1",
            "Delta Goals": "",
            "Wins": "",
            "Losses": "",
            "Result": {
              "label": "Group",
              "ranking": 0
            },
            "type": "game",
            "Opponent": "Iceland"
          }
        },
        {
          "key": "Nigeria",
          "value": {
            "Goals Made": "0",
            "Goals Conceded": "2",
            "Delta Goals": "",
            "Wins": "",
            "Losses": "",
            "Result": {
              "label": "Group",
              "ranking": 0
            },
            "type": "game",
            "Opponent": "Iceland"
          }
        }
      ],
      "type": "aggregate"
    }
  },
  {
    "key": "Costa Rica",
    "value": {
      "Goals Made": 2,
      "Goals Conceded": 5,
      "Delta Goals": -3,
      "Wins": 0,
      "Losses": 2,
      "Result": {
        "label": "Group",
        "ranking": 0
      },
      "TotalGames": 3,
      "games": [
        {
          "key": "Serbia",
          "value": {
            "Goals Made": "0",
            "Goals Conceded": "1",
            "Delta Goals": "",
            "Wins": "",
            "Losses": "",
            "Result": {
              "label": "Group",
              "ranking": 0
            },
            "type": "game",
            "Opponent": "Costa Rica"
          }
        },
        {
          "key": "Brazil",
          "value": {
            "Goals Made": "0",
            "Goals Conceded": "2",
            "Delta Goals": "",
            "Wins": "",
            "Losses": "",
            "Result": {
              "label": "Group",
              "ranking": 0
            },
            "type": "game",
            "Opponent": "Costa Rica"
          }
        },
        {
          "key": "Switzerland",
          "value": {
            "Goals Made": "2",
            "Goals Conceded": "2",
            "Delta Goals": "",
            "Wins": "",
            "Losses": "",
            "Result": {
              "label": "Group",
              "ranking": 0
            },
            "type": "game",
            "Opponent": "Costa Rica"
          }
        }
      ],
      "type": "aggregate"
    }
  },
  {
    "key": "Brazil",
    "value": {
      "Goals Made": 8,
      "Goals Conceded": 3,
      "Delta Goals": 5,
      "Wins": 3,
      "Losses": 1,
      "Result": {
        "label": "Quarter Finals",
        "ranking": 2
      },
      "TotalGames": 5,
      "games": [
        {
          "key": "Belgium",
          "value": {
            "Goals Made": "1",
            "Goals Conceded": "2",
            "Delta Goals": "",
            "Wins": "",
            "Losses": "",
            "Result": {
              "label": "Quarter Finals",
              "ranking": 2
            },
            "type": "game",
            "Opponent": "Brazil"
          }
        },
        {
          "key": "Mexico",
          "value": {
            "Goals Made": "2",
            "Goals Conceded": "0",
            "Delta Goals": "",
            "Wins": "",
            "Losses": "",
            "Result": {
              "label": "Round of Sixteen",
              "ranking": 1
            },
            "type": "game",
            "Opponent": "Brazil"
          }
        },
        {
          "key": "Switzerland",
          "value": {
            "Goals Made": "1",
            "Goals Conceded": "1",
            "Delta Goals": "",
            "Wins": "",
            "Losses": "",
            "Result": {
              "label": "Group",
              "ranking": 0
            },
            "type": "game",
            "Opponent": "Brazil"
          }
        },
        {
          "key": "Costa Rica",
          "value": {
            "Goals Made": "2",
            "Goals Conceded": "0",
            "Delta Goals": "",
            "Wins": "",
            "Losses": "",
            "Result": {
              "label": "Group",
              "ranking": 0
            },
            "type": "game",
            "Opponent": "Brazil"
          }
        },
        {
          "key": "Serbia",
          "value": {
            "Goals Made": "2",
            "Goals Conceded": "0",
            "Delta Goals": "",
            "Wins": "",
            "Losses": "",
            "Result": {
              "label": "Group",
              "ranking": 0
            },
            "type": "game",
            "Opponent": "Brazil"
          }
        }
      ],
      "type": "aggregate"
    }
  },
  {
    "key": "Serbia",
    "value": {
      "Goals Made": 2,
      "Goals Conceded": 4,
      "Delta Goals": -2,
      "Wins": 1,
      "Losses": 2,
      "Result": {
        "label": "Group",
        "ranking": 0
      },
      "TotalGames": 3,
      "games": [
        {
          "key": "Brazil",
          "value": {
            "Goals Made": "0",
            "Goals Conceded": "2",
            "Delta Goals": "",
            "Wins": "",
            "Losses": "",
            "Result": {
              "label": "Group",
              "ranking": 0
            },
            "type": "game",
            "Opponent": "Serbia"
          }
        },
        {
          "key": "Costa Rica",
          "value": {
            "Goals Made": "1",
            "Goals Conceded": "0",
            "Delta Goals": "",
            "Wins": "",
            "Losses": "",
            "Result": {
              "label": "Group",
              "ranking": 0
            },
            "type": "game",
            "Opponent": "Serbia"
          }
        },
        {
          "key": "Switzerland",
          "value": {
            "Goals Made": "1",
            "Goals Conceded": "2",
            "Delta Goals": "",
            "Wins": "",
            "Losses": "",
            "Result": {
              "label": "Group",
              "ranking": 0
            },
            "type": "game",
            "Opponent": "Serbia"
          }
        }
      ],
      "type": "aggregate"
    }
  },
  {
    "key": "Switzerland",
    "value": {
      "Goals Made": 5,
      "Goals Conceded": 5,
      "Delta Goals": 0,
      "Wins": 1,
      "Losses": 1,
      "Result": {
        "label": "Round of Sixteen",
        "ranking": 1
      },
      "TotalGames": 4,
      "games": [
        {
          "key": "Sweden",
          "value": {
            "Goals Made": "0",
            "Goals Conceded": "1",
            "Delta Goals": "",
            "Wins": "",
            "Losses": "",
            "Result": {
              "label": "Round of Sixteen",
              "ranking": 1
            },
            "type": "game",
            "Opponent": "Switzerland"
          }
        },
        {
          "key": "Costa Rica",
          "value": {
            "Goals Made": "2",
            "Goals Conceded": "2",
            "Delta Goals": "",
            "Wins": "",
            "Losses": "",
            "Result": {
              "label": "Group",
              "ranking": 0
            },
            "type": "game",
            "Opponent": "Switzerland"
          }
        },
        {
          "key": "Brazil",
          "value": {
            "Goals Made": "1",
            "Goals Conceded": "1",
            "Delta Goals": "",
            "Wins": "",
            "Losses": "",
            "Result": {
              "label": "Group",
              "ranking": 0
            },
            "type": "game",
            "Opponent": "Switzerland"
          }
        },
        {
          "key": "Serbia",
          "value": {
            "Goals Made": "2",
            "Goals Conceded": "1",
            "Delta Goals": "",
            "Wins": "",
            "Losses": "",
            "Result": {
              "label": "Group",
              "ranking": 0
            },
            "type": "game",
            "Opponent": "Switzerland"
          }
        }
      ],
      "type": "aggregate"
    }
  },
  {
    "key": "Germany",
    "value": {
      "Goals Made": 2,
      "Goals Conceded": 4,
      "Delta Goals": -2,
      "Wins": 1,
      "Losses": 2,
      "Result": {
        "label": "Group",
        "ranking": 0
      },
      "TotalGames": 3,
      "games": [
        {
          "key": "Mexico",
          "value": {
            "Goals Made": "0",
            "Goals Conceded": "1",
            "Delta Goals": "",
            "Wins": "",
            "Losses": "",
            "Result": {
              "label": "Group",
              "ranking": 0
            },
            "type": "game",
            "Opponent": "Germany"
          }
        },
        {
          "key": "Sweden",
          "value": {
            "Goals Made": "2",
            "Goals Conceded": "1",
            "Delta Goals": "",
            "Wins": "",
            "Losses": "",
            "Result": {
              "label": "Group",
              "ranking": 0
            },
            "type": "game",
            "Opponent": "Germany"
          }
        },
        {
          "key": "Korea Republic",
          "value": {
            "Goals Made": "0",
            "Goals Conceded": "2",
            "Delta Goals": "",
            "Wins": "",
            "Losses": "",
            "Result": {
              "label": "Group",
              "ranking": 0
            },
            "type": "game",
            "Opponent": "Germany"
          }
        }
      ],
      "type": "aggregate"
    }
  },
  {
    "key": "Sweden",
    "value": {
      "Goals Made": 6,
      "Goals Conceded": 4,
      "Delta Goals": 2,
      "Wins": 3,
      "Losses": 2,
      "Result": {
        "label": "Quarter Finals",
        "ranking": 2
      },
      "TotalGames": 5,
      "games": [
        {
          "key": "England",
          "value": {
            "Goals Made": "0",
            "Goals Conceded": "2",
            "Delta Goals": "",
            "Wins": "",
            "Losses": "",
            "Result": {
              "label": "Quarter Finals",
              "ranking": 2
            },
            "type": "game",
            "Opponent": "Sweden"
          }
        },
        {
          "key": "Switzerland",
          "value": {
            "Goals Made": "1",
            "Goals Conceded": "0",
            "Delta Goals": "",
            "Wins": "",
            "Losses": "",
            "Result": {
              "label": "Round of Sixteen",
              "ranking": 1
            },
            "type": "game",
            "Opponent": "Sweden"
          }
        },
        {
          "key": "Korea Republic",
          "value": {
            "Goals Made": "1",
            "Goals Conceded": "0",
            "Delta Goals": "",
            "Wins": "",
            "Losses": "",
            "Result": {
              "label": "Group",
              "ranking": 0
            },
            "type": "game",
            "Opponent": "Sweden"
          }
        },
        {
          "key": "Germany",
          "value": {
            "Goals Made": "1",
            "Goals Conceded": "2",
            "Delta Goals": "",
            "Wins": "",
            "Losses": "",
            "Result": {
              "label": "Group",
              "ranking": 0
            },
            "type": "game",
            "Opponent": "Sweden"
          }
        },
        {
          "key": "Mexico",
          "value": {
            "Goals Made": "3",
            "Goals Conceded": "0",
            "Delta Goals": "",
            "Wins": "",
            "Losses": "",
            "Result": {
              "label": "Group",
              "ranking": 0
            },
            "type": "game",
            "Opponent": "Sweden"
          }
        }
      ],
      "type": "aggregate"
    }
  },
  {
    "key": "Korea Republic",
    "value": {
      "Goals Made": 3,
      "Goals Conceded": 3,
      "Delta Goals": 0,
      "Wins": 1,
      "Losses": 2,
      "Result": {
        "label": "Group",
        "ranking": 0
      },
      "TotalGames": 3,
      "games": [
        {
          "key": "Mexico",
          "value": {
            "Goals Made": "1",
            "Goals Conceded": "2",
            "Delta Goals": "",
            "Wins": "",
            "Losses": "",
            "Result": {
              "label": "Group",
              "ranking": 0
            },
            "type": "game",
            "Opponent": "Korea Republic"
          }
        },
        {
          "key": "Germany",
          "value": {
            "Goals Made": "2",
            "Goals Conceded": "0",
            "Delta Goals": "",
            "Wins": "",
            "Losses": "",
            "Result": {
              "label": "Group",
              "ranking": 0
            },
            "type": "game",
            "Opponent": "Korea Republic"
          }
        },
        {
          "key": "Sweden",
          "value": {
            "Goals Made": "0",
            "Goals Conceded": "1",
            "Delta Goals": "",
            "Wins": "",
            "Losses": "",
            "Result": {
              "label": "Group",
              "ranking": 0
            },
            "type": "game",
            "Opponent": "Korea Republic"
          }
        }
      ],
      "type": "aggregate"
    }
  },
  {
    "key": "Mexico",
    "value": {
      "Goals Made": 3,
      "Goals Conceded": 6,
      "Delta Goals": -3,
      "Wins": 2,
      "Losses": 2,
      "Result": {
        "label": "Round of Sixteen",
        "ranking": 1
      },
      "TotalGames": 4,
      "games": [
        {
          "key": "Brazil",
          "value": {
            "Goals Made": "0",
            "Goals Conceded": "2",
            "Delta Goals": "",
            "Wins": "",
            "Losses": "",
            "Result": {
              "label": "Round of Sixteen",
              "ranking": 1
            },
            "type": "game",
            "Opponent": "Mexico"
          }
        },
        {
          "key": "Sweden",
          "value": {
            "Goals Made": "0",
            "Goals Conceded": "3",
            "Delta Goals": "",
            "Wins": "",
            "Losses": "",
            "Result": {
              "label": "Group",
              "ranking": 0
            },
            "type": "game",
            "Opponent": "Mexico"
          }
        },
        {
          "key": "Germany",
          "value": {
            "Goals Made": "1",
            "Goals Conceded": "0",
            "Delta Goals": "",
            "Wins": "",
            "Losses": "",
            "Result": {
              "label": "Group",
              "ranking": 0
            },
            "type": "game",
            "Opponent": "Mexico"
          }
        },
        {
          "key": "Korea Republic",
          "value": {
            "Goals Made": "2",
            "Goals Conceded": "1",
            "Delta Goals": "",
            "Wins": "",
            "Losses": "",
            "Result": {
              "label": "Group",
              "ranking": 0
            },
            "type": "game",
            "Opponent": "Mexico"
          }
        }
      ],
      "type": "aggregate"
    }
  },
  {
    "key": "Belgium",
    "value": {
      "Goals Made": 16,
      "Goals Conceded": 6,
      "Delta Goals": 10,
      "Wins": 6,
      "Losses": 1,
      "Result": {
        "label": "Third Place",
        "ranking": 5
      },
      "TotalGames": 7,
      "games": [
        {
          "key": "England",
          "value": {
            "Goals Made": "2",
            "Goals Conceded": "0",
            "Delta Goals": "",
            "Wins": "",
            "Losses": "",
            "Result": {
              "label": "Third Place",
              "ranking": 5
            },
            "type": "game",
            "Opponent": "Belgium"
          }
        },
        {
          "key": "France",
          "value": {
            "Goals Made": "0",
            "Goals Conceded": "1",
            "Delta Goals": "",
            "Wins": "",
            "Losses": "",
            "Result": {
              "label": "Semi Finals",
              "ranking": 3
            },
            "type": "game",
            "Opponent": "Belgium"
          }
        },
        {
          "key": "Brazil",
          "value": {
            "Goals Made": "2",
            "Goals Conceded": "1",
            "Delta Goals": "",
            "Wins": "",
            "Losses": "",
            "Result": {
              "label": "Quarter Finals",
              "ranking": 2
            },
            "type": "game",
            "Opponent": "Belgium"
          }
        },
        {
          "key": "Japan",
          "value": {
            "Goals Made": "3",
            "Goals Conceded": "2",
            "Delta Goals": "",
            "Wins": "",
            "Losses": "",
            "Result": {
              "label": "Round of Sixteen",
              "ranking": 1
            },
            "type": "game",
            "Opponent": "Belgium"
          }
        },
        {
          "key": "Panama",
          "value": {
            "Goals Made": "3",
            "Goals Conceded": "0",
            "Delta Goals": "",
            "Wins": "",
            "Losses": "",
            "Result": {
              "label": "Group",
              "ranking": 0
            },
            "type": "game",
            "Opponent": "Belgium"
          }
        },
        {
          "key": "Tunisia",
          "value": {
            "Goals Made": "5",
            "Goals Conceded": "2",
            "Delta Goals": "",
            "Wins": "",
            "Losses": "",
            "Result": {
              "label": "Group",
              "ranking": 0
            },
            "type": "game",
            "Opponent": "Belgium"
          }
        },
        {
          "key": "England",
          "value": {
            "Goals Made": "1",
            "Goals Conceded": "0",
            "Delta Goals": "",
            "Wins": "",
            "Losses": "",
            "Result": {
              "label": "Group",
              "ranking": 0
            },
            "type": "game",
            "Opponent": "Belgium"
          }
        }
      ],
      "type": "aggregate"
    }
  },
  {
    "key": "Tunisia",
    "value": {
      "Goals Made": 5,
      "Goals Conceded": 8,
      "Delta Goals": -3,
      "Wins": 1,
      "Losses": 2,
      "Result": {
        "label": "Group",
        "ranking": 0
      },
      "TotalGames": 3,
      "games": [
        {
          "key": "England",
          "value": {
            "Goals Made": "1",
            "Goals Conceded": "2",
            "Delta Goals": "",
            "Wins": "",
            "Losses": "",
            "Result": {
              "label": "Group",
              "ranking": 0
            },
            "type": "game",
            "Opponent": "Tunisia"
          }
        },
        {
          "key": "Belgium",
          "value": {
            "Goals Made": "2",
            "Goals Conceded": "5",
            "Delta Goals": "",
            "Wins": "",
            "Losses": "",
            "Result": {
              "label": "Group",
              "ranking": 0
            },
            "type": "game",
            "Opponent": "Tunisia"
          }
        },
        {
          "key": "Panama",
          "value": {
            "Goals Made": "2",
            "Goals Conceded": "1",
            "Delta Goals": "",
            "Wins": "",
            "Losses": "",
            "Result": {
              "label": "Group",
              "ranking": 0
            },
            "type": "game",
            "Opponent": "Tunisia"
          }
        }
      ],
      "type": "aggregate"
    }
  },
  {
    "key": "England",
    "value": {
      "Goals Made": 12,
      "Goals Conceded": 8,
      "Delta Goals": 4,
      "Wins": 4,
      "Losses": 3,
      "Result": {
        "label": "Fourth Place",
        "ranking": 4
      },
      "TotalGames": 7,
      "games": [
        {
          "key": "Belgium",
          "value": {
            "Goals Made": "0",
            "Goals Conceded": "2",
            "Delta Goals": "",
            "Wins": "",
            "Losses": "",
            "Result": {
              "label": "Fourth Place",
              "ranking": 4
            },
            "type": "game",
            "Opponent": "England"
          }
        },
        {
          "key": "Croatia",
          "value": {
            "Goals Made": "1",
            "Goals Conceded": "2",
            "Delta Goals": "",
            "Wins": "",
            "Losses": "",
            "Result": {
              "label": "Semi Finals",
              "ranking": 3
            },
            "type": "game",
            "Opponent": "England"
          }
        },
        {
          "key": "Sweden",
          "value": {
            "Goals Made": "2",
            "Goals Conceded": "0",
            "Delta Goals": "",
            "Wins": "",
            "Losses": "",
            "Result": {
              "label": "Quarter Finals",
              "ranking": 2
            },
            "type": "game",
            "Opponent": "England"
          }
        },
        {
          "key": "Colombia",
          "value": {
            "Goals Made": "1",
            "Goals Conceded": "1",
            "Delta Goals": "",
            "Wins": "",
            "Losses": "",
            "Result": {
              "label": "Round of Sixteen",
              "ranking": 1
            },
            "type": "game",
            "Opponent": "England"
          }
        },
        {
          "key": "Panama",
          "value": {
            "Goals Made": "6",
            "Goals Conceded": "1",
            "Delta Goals": "",
            "Wins": "",
            "Losses": "",
            "Result": {
              "label": "Group",
              "ranking": 0
            },
            "type": "game",
            "Opponent": "England"
          }
        },
        {
          "key": "Belgium",
          "value": {
            "Goals Made": "0",
            "Goals Conceded": "1",
            "Delta Goals": "",
            "Wins": "",
            "Losses": "",
            "Result": {
              "label": "Group",
              "ranking": 0
            },
            "type": "game",
            "Opponent": "England"
          }
        },
        {
          "key": "Tunisia",
          "value": {
            "Goals Made": "2",
            "Goals Conceded": "1",
            "Delta Goals": "",
            "Wins": "",
            "Losses": "",
            "Result": {
              "label": "Group",
              "ranking": 0
            },
            "type": "game",
            "Opponent": "England"
          }
        }
      ],
      "type": "aggregate"
    }
  },
  {
    "key": "Panama",
    "value": {
      "Goals Made": 2,
      "Goals Conceded": 11,
      "Delta Goals": -9,
      "Wins": 0,
      "Losses": 3,
      "Result": {
        "label": "Group",
        "ranking": 0
      },
      "TotalGames": 3,
      "games": [
        {
          "key": "Tunisia",
          "value": {
            "Goals Made": "1",
            "Goals Conceded": "2",
            "Delta Goals": "",
            "Wins": "",
            "Losses": "",
            "Result": {
              "label": "Group",
              "ranking": 0
            },
            "type": "game",
            "Opponent": "Panama"
          }
        },
        {
          "key": "Belgium",
          "value": {
            "Goals Made": "0",
            "Goals Conceded": "3",
            "Delta Goals": "",
            "Wins": "",
            "Losses": "",
            "Result": {
              "label": "Group",
              "ranking": 0
            },
            "type": "game",
            "Opponent": "Panama"
          }
        },
        {
          "key": "England",
          "value": {
            "Goals Made": "1",
            "Goals Conceded": "6",
            "Delta Goals": "",
            "Wins": "",
            "Losses": "",
            "Result": {
              "label": "Group",
              "ranking": 0
            },
            "type": "game",
            "Opponent": "Panama"
          }
        }
      ],
      "type": "aggregate"
    }
  },
  {
    "key": "Colombia",
    "value": {
      "Goals Made": 6,
      "Goals Conceded": 3,
      "Delta Goals": 3,
      "Wins": 2,
      "Losses": 2,
      "Result": {
        "label": "Round of Sixteen",
        "ranking": 1
      },
      "TotalGames": 4,
      "games": [
        {
          "key": "England",
          "value": {
            "Goals Made": "1",
            "Goals Conceded": "1",
            "Delta Goals": "",
            "Wins": "",
            "Losses": "",
            "Result": {
              "label": "Round of Sixteen",
              "ranking": 1
            },
            "type": "game",
            "Opponent": "Colombia"
          }
        },
        {
          "key": "Japan",
          "value": {
            "Goals Made": "1",
            "Goals Conceded": "2",
            "Delta Goals": "",
            "Wins": "",
            "Losses": "",
            "Result": {
              "label": "Group",
              "ranking": 0
            },
            "type": "game",
            "Opponent": "Colombia"
          }
        },
        {
          "key": "Poland",
          "value": {
            "Goals Made": "3",
            "Goals Conceded": "0",
            "Delta Goals": "",
            "Wins": "",
            "Losses": "",
            "Result": {
              "label": "Group",
              "ranking": 0
            },
            "type": "game",
            "Opponent": "Colombia"
          }
        },
        {
          "key": "Senegal",
          "value": {
            "Goals Made": "1",
            "Goals Conceded": "0",
            "Delta Goals": "",
            "Wins": "",
            "Losses": "",
            "Result": {
              "label": "Group",
              "ranking": 0
            },
            "type": "game",
            "Opponent": "Colombia"
          }
        }
      ],
      "type": "aggregate"
    }
  },
  {
    "key": "Poland",
    "value": {
      "Goals Made": 2,
      "Goals Conceded": 5,
      "Delta Goals": -3,
      "Wins": 1,
      "Losses": 2,
      "Result": {
        "label": "Group",
        "ranking": 0
      },
      "TotalGames": 3,
      "games": [
        {
          "key": "Senegal",
          "value": {
            "Goals Made": "1",
            "Goals Conceded": "2",
            "Delta Goals": "",
            "Wins": "",
            "Losses": "",
            "Result": {
              "label": "Group",
              "ranking": 0
            },
            "type": "game",
            "Opponent": "Poland"
          }
        },
        {
          "key": "Colombia",
          "value": {
            "Goals Made": "0",
            "Goals Conceded": "3",
            "Delta Goals": "",
            "Wins": "",
            "Losses": "",
            "Result": {
              "label": "Group",
              "ranking": 0
            },
            "type": "game",
            "Opponent": "Poland"
          }
        },
        {
          "key": "Japan",
          "value": {
            "Goals Made": "1",
            "Goals Conceded": "0",
            "Delta Goals": "",
            "Wins": "",
            "Losses": "",
            "Result": {
              "label": "Group",
              "ranking": 0
            },
            "type": "game",
            "Opponent": "Poland"
          }
        }
      ],
      "type": "aggregate"
    }
  },
  {
    "key": "Japan",
    "value": {
      "Goals Made": 6,
      "Goals Conceded": 7,
      "Delta Goals": -1,
      "Wins": 1,
      "Losses": 2,
      "Result": {
        "label": "Round of Sixteen",
        "ranking": 1
      },
      "TotalGames": 4,
      "games": [
        {
          "key": "Belgium",
          "value": {
            "Goals Made": "2",
            "Goals Conceded": "3",
            "Delta Goals": "",
            "Wins": "",
            "Losses": "",
            "Result": {
              "label": "Round of Sixteen",
              "ranking": 1
            },
            "type": "game",
            "Opponent": "Japan"
          }
        },
        {
          "key": "Senegal",
          "value": {
            "Goals Made": "2",
            "Goals Conceded": "2",
            "Delta Goals": "",
            "Wins": "",
            "Losses": "",
            "Result": {
              "label": "Group",
              "ranking": 0
            },
            "type": "game",
            "Opponent": "Japan"
          }
        },
        {
          "key": "Poland",
          "value": {
            "Goals Made": "0",
            "Goals Conceded": "1",
            "Delta Goals": "",
            "Wins": "",
            "Losses": "",
            "Result": {
              "label": "Group",
              "ranking": 0
            },
            "type": "game",
            "Opponent": "Japan"
          }
        },
        {
          "key": "Colombia",
          "value": {
            "Goals Made": "2",
            "Goals Conceded": "1",
            "Delta Goals": "",
            "Wins": "",
            "Losses": "",
            "Result": {
              "label": "Group",
              "ranking": 0
            },
            "type": "game",
            "Opponent": "Japan"
          }
        }
      ],
      "type": "aggregate"
    }
  },
  {
    "key": "Senegal",
    "value": {
      "Goals Made": 4,
      "Goals Conceded": 4,
      "Delta Goals": 0,
      "Wins": 1,
      "Losses": 1,
      "Result": {
        "label": "Group",
        "ranking": 0
      },
      "TotalGames": 3,
      "games": [
        {
          "key": "Colombia",
          "value": {
            "Goals Made": "0",
            "Goals Conceded": "1",
            "Delta Goals": "",
            "Wins": "",
            "Losses": "",
            "Result": {
              "label": "Group",
              "ranking": 0
            },
            "type": "game",
            "Opponent": "Senegal"
          }
        },
        {
          "key": "Poland",
          "value": {
            "Goals Made": "2",
            "Goals Conceded": "1",
            "Delta Goals": "",
            "Wins": "",
            "Losses": "",
            "Result": {
              "label": "Group",
              "ranking": 0
            },
            "type": "game",
            "Opponent": "Senegal"
          }
        },
        {
          "key": "Japan",
          "value": {
            "Goals Made": "2",
            "Goals Conceded": "2",
            "Delta Goals": "",
            "Wins": "",
            "Losses": "",
            "Result": {
              "label": "Group",
              "ranking": 0
            },
            "type": "game",
            "Opponent": "Senegal"
          }
        }
      ],
      "type": "aggregate"
    }
  }
]